date,ticker,Index,Type,N
2011-02-16 00:00:00+00:00,AAPL,281,Good,185.0
2011-04-04 00:00:00+00:00,AAPL,313,Bad,437.0
2011-04-21 00:00:00+00:00,AAPL,326,Good,1177.0
2011-06-07 00:00:00+00:00,AAPL,358,Neutral,511.0
2011-06-17 00:00:00+00:00,AAPL,366,Neutral,462.0
2011-08-25 00:00:00+00:00,AAPL,414,Neutral,989.0
2011-10-05 00:00:00+00:00,AAPL,442,Neutral,1278.0
2012-01-25 00:00:00+00:00,AAPL,516,Neutral,2497.0
2012-04-25 00:00:00+00:00,AAPL,580,Neutral,4931.0
2012-10-26 00:00:00+00:00,AAPL,708,Neutral,5145.0
2012-11-05 00:00:00+00:00,AAPL,714,Bad,3918.0
2013-01-24 00:00:00+00:00,AAPL,767,Bad,6229.0
2013-04-24 00:00:00+00:00,AAPL,830,Neutral,6114.0
2013-05-15 00:00:00+00:00,AAPL,845,Bad,1513.0
2013-07-24 00:00:00+00:00,AAPL,893,Neutral,3690.0
2013-08-14 00:00:00+00:00,AAPL,908,Good,4324.0
2013-08-23 00:00:00+00:00,AAPL,915,Neutral,2956.0
2013-09-11 00:00:00+00:00,AAPL,927,Neutral,7161.0
2013-10-29 00:00:00+00:00,AAPL,960,Good,6455.0
2014-01-28 00:00:00+00:00,AAPL,1020,Neutral,6995.0
2014-04-24 00:00:00+00:00,AAPL,1081,Neutral,4723.0
2014-05-09 00:00:00+00:00,AAPL,1092,Good,1644.0
2014-07-16 00:00:00+00:00,AAPL,1138,Neutral,1848.0
2014-07-23 00:00:00+00:00,AAPL,1143,Neutral,3739.0
2014-09-10 00:00:00+00:00,AAPL,1177,Neutral,7575.0
2014-10-21 00:00:00+00:00,AAPL,1205,Neutral,4059.0
2015-01-28 00:00:00+00:00,AAPL,1271,Neutral,8547.0
2015-04-28 00:00:00+00:00,AAPL,1334,Neutral,7800.0
2015-07-22 00:00:00+00:00,AAPL,1393,Bad,9397.0
2015-08-04 00:00:00+00:00,AAPL,1402,Bad,5757.0
2015-09-10 00:00:00+00:00,AAPL,1428,Neutral,5440.0
2015-10-28 00:00:00+00:00,AAPL,1461,Neutral,5913.0
2015-12-02 00:00:00+00:00,AAPL,1484,Bad,1124.0
2016-01-27 00:00:00+00:00,AAPL,1521,Bad,6911.0
2016-03-22 00:00:00+00:00,AAPL,1559,Bad,2094.0
2016-04-18 00:00:00+00:00,AAPL,1578,Bad,1931.0
2016-04-27 00:00:00+00:00,AAPL,1585,Bad,6865.0
2016-05-12 00:00:00+00:00,AAPL,1596,Bad,2388.0
2016-07-27 00:00:00+00:00,AAPL,1648,Neutral,5003.0
2016-08-30 00:00:00+00:00,AAPL,1672,Bad,1863.0
2016-09-08 00:00:00+00:00,AAPL,1678,Neutral,5076.0
2016-09-26 00:00:00+00:00,AAPL,1690,Neutral,2488.0
2016-10-11 00:00:00+00:00,AAPL,1700,Good,2564.0
2016-10-26 00:00:00+00:00,AAPL,1711,Bad,6495.0
2017-01-03 00:00:00+00:00,AAPL,1756,Bad,1163.0
2017-02-01 00:00:00+00:00,AAPL,1776,Bad,4394.0
2017-05-03 00:00:00+00:00,AAPL,1840,Neutral,5120.0
2017-06-05 00:00:00+00:00,AAPL,1862,Bad,1278.0
2017-06-12 00:00:00+00:00,AAPL,1867,Bad,3276.0
2017-08-02 00:00:00+00:00,AAPL,1903,Good,6032.0
2017-09-13 00:00:00+00:00,AAPL,1932,Bad,6118.0
2017-11-03 00:00:00+00:00,AAPL,1968,Good,4869.0
2017-12-26 00:00:00+00:00,AAPL,2002,Neutral,1100.0
2018-02-02 00:00:00+00:00,AAPL,2028,Neutral,6877.0
2018-03-22 00:00:00+00:00,AAPL,2061,Good,835.0
2018-05-02 00:00:00+00:00,AAPL,2090,Neutral,6612.0
2018-07-30 00:00:00+00:00,AAPL,2151,Bad,1195.0
2018-08-01 00:00:00+00:00,AAPL,2153,Neutral,7946.0
2018-09-10 00:00:00+00:00,AAPL,2180,Bad,1894.0
2018-09-13 00:00:00+00:00,AAPL,2183,Neutral,3425.0
2018-10-11 00:00:00+00:00,AAPL,2202,Bad,1419.0
2018-11-02 00:00:00+00:00,AAPL,2218,Bad,11210.0
2018-11-13 00:00:00+00:00,AAPL,2224,Bad,3922.0
2019-01-03 00:00:00+00:00,AAPL,2258,Bad,7808.0
2019-01-30 00:00:00+00:00,AAPL,2276,Bad,6094.0
2019-03-21 00:00:00+00:00,AAPL,2311,Good,1485.0
2019-03-26 00:00:00+00:00,AAPL,2314,Bad,4186.0
2019-05-01 00:00:00+00:00,AAPL,2340,Neutral,5308.0
2019-07-31 00:00:00+00:00,AAPL,2403,Neutral,3332.0
2019-09-11 00:00:00+00:00,AAPL,2432,Neutral,2722.0
2019-10-31 00:00:00+00:00,AAPL,2467,Neutral,3302.0
2020-01-29 00:00:00+00:00,AAPL,2526,Neutral,5832.0
2020-02-18 00:00:00+00:00,AAPL,2539,Bad,3339.0
2014-03-07 00:00:00+00:00,AMD,3611,Good,236.0
2014-04-18 00:00:00+00:00,AMD,3641,Good,463.0
2014-06-10 00:00:00+00:00,AMD,3677,Good,135.0
2014-06-23 00:00:00+00:00,AMD,3686,Bad,341.0
2014-07-18 00:00:00+00:00,AMD,3704,Bad,1009.0
2014-10-09 00:00:00+00:00,AMD,3762,Bad,489.0
2014-10-17 00:00:00+00:00,AMD,3767,Bad,559.0
2014-12-02 00:00:00+00:00,AMD,3797,Bad,33.0
2015-01-12 00:00:00+00:00,AMD,3824,Bad,33.0
2015-01-20 00:00:00+00:00,AMD,3829,Bad,132.0
2015-01-27 00:00:00+00:00,AMD,3834,Good,169.0
2015-03-25 00:00:00+00:00,AMD,3874,Bad,48.0
2015-04-13 00:00:00+00:00,AMD,3887,Good,35.0
2015-04-17 00:00:00+00:00,AMD,3891,Bad,324.0
2015-05-26 00:00:00+00:00,AMD,3917,Good,18.0
2015-06-17 00:00:00+00:00,AMD,3933,Good,76.0
2015-07-07 00:00:00+00:00,AMD,3946,Bad,214.0
2015-07-17 00:00:00+00:00,AMD,3954,Neutral,159.0
2015-09-14 00:00:00+00:00,AMD,3994,Good,163.0
2015-09-24 00:00:00+00:00,AMD,4002,Bad,22.0
2015-10-02 00:00:00+00:00,AMD,4008,Bad,40.0
2015-11-12 00:00:00+00:00,AMD,4035,Good,43.0
2015-11-19 00:00:00+00:00,AMD,4040,Good,57.0
2015-11-25 00:00:00+00:00,AMD,4044,Good,82.0
2015-12-17 00:00:00+00:00,AMD,4059,Good,107.0
2015-12-23 00:00:00+00:00,AMD,4063,Good,166.0
2016-03-14 00:00:00+00:00,AMD,4117,Good,219.0
2016-04-22 00:00:00+00:00,AMD,4146,Good,866.0
2016-05-24 00:00:00+00:00,AMD,4168,Good,411.0
2016-06-17 00:00:00+00:00,AMD,4185,Good,643.0
2016-07-22 00:00:00+00:00,AMD,4209,Good,1781.0
2016-08-19 00:00:00+00:00,AMD,4229,Good,1124.0
2016-09-01 00:00:00+00:00,AMD,4238,Good,696.0
2016-10-21 00:00:00+00:00,AMD,4272,Neutral,3531.0
2017-02-01 00:00:00+00:00,AMD,4340,Neutral,4750.0
2017-03-13 00:00:00+00:00,AMD,4367,Neutral,7298.0
2017-05-02 00:00:00+00:00,AMD,4403,Bad,11717.0
2017-05-17 00:00:00+00:00,AMD,4414,Bad,9947.0
2017-07-26 00:00:00+00:00,AMD,4462,Bad,11406.0
2017-09-21 00:00:00+00:00,AMD,4502,Bad,9193.0
2017-10-25 00:00:00+00:00,AMD,4525,Bad,9735.0
2018-01-31 00:00:00+00:00,AMD,4590,Bad,7325.0
2018-04-26 00:00:00+00:00,AMD,4650,Neutral,8145.0
2018-07-26 00:00:00+00:00,AMD,4713,Good,7436.0
2018-10-03 00:00:00+00:00,AMD,4761,Bad,4337.0
2018-10-22 00:00:00+00:00,AMD,4773,Bad,3258.0
2018-10-25 00:00:00+00:00,AMD,4776,Bad,7595.0
2019-01-30 00:00:00+00:00,AMD,4840,Bad,5902.0
2019-03-20 00:00:00+00:00,AMD,4874,Bad,3606.0
2019-04-03 00:00:00+00:00,AMD,4884,Bad,1965.0
2019-05-01 00:00:00+00:00,AMD,4904,Neutral,4264.0
2019-05-28 00:00:00+00:00,AMD,4922,Good,1947.0
2019-07-08 00:00:00+00:00,AMD,4950,Good,1285.0
2019-07-31 00:00:00+00:00,AMD,4967,Bad,3670.0
2019-08-08 00:00:00+00:00,AMD,4973,Good,2671.0
2019-10-30 00:00:00+00:00,AMD,5030,Neutral,3945.0
2020-01-29 00:00:00+00:00,AMD,5090,Bad,4704.0
2013-04-08 00:00:00+00:00,AMRN,5946,Neutral,924.0
2013-05-28 00:00:00+00:00,AMRN,5981,Neutral,857.0
2013-07-09 00:00:00+00:00,AMRN,6010,Bad,1150.0
2013-10-30 00:00:00+00:00,AMRN,6089,Bad,1320.0
2014-01-31 00:00:00+00:00,AMRN,6151,Bad,130.0
2014-02-28 00:00:00+00:00,AMRN,6170,Neutral,394.0
2014-03-17 00:00:00+00:00,AMRN,6181,Neutral,517.0
2014-03-28 00:00:00+00:00,AMRN,6190,Neutral,204.0
2014-04-01 00:00:00+00:00,AMRN,6192,Good,419.0
2014-04-28 00:00:00+00:00,AMRN,6211,Neutral,134.0
2014-11-07 00:00:00+00:00,AMRN,6346,Bad,315.0
2014-12-12 00:00:00+00:00,AMRN,6369,Good,137.0
2015-02-26 00:00:00+00:00,AMRN,6419,Good,290.0
2015-03-04 00:00:00+00:00,AMRN,6423,Good,362.0
2015-05-08 00:00:00+00:00,AMRN,6470,Neutral,386.0
2015-05-29 00:00:00+00:00,AMRN,6484,Neutral,785.0
2015-08-07 00:00:00+00:00,AMRN,6533,Good,625.0
2015-10-23 00:00:00+00:00,AMRN,6586,Neutral,96.0
2015-11-04 00:00:00+00:00,AMRN,6594,Neutral,149.0
2016-02-25 00:00:00+00:00,AMRN,6669,Good,148.0
2016-03-09 00:00:00+00:00,AMRN,6678,Good,238.0
2016-04-22 00:00:00+00:00,AMRN,6710,Good,114.0
2016-05-05 00:00:00+00:00,AMRN,6719,Bad,177.0
2016-06-01 00:00:00+00:00,AMRN,6737,Good,334.0
2016-08-11 00:00:00+00:00,AMRN,6787,Bad,430.0
2016-09-26 00:00:00+00:00,AMRN,6818,Good,219.0
2016-10-19 00:00:00+00:00,AMRN,6834,Good,90.0
2016-10-27 00:00:00+00:00,AMRN,6840,Good,201.0
2017-03-24 00:00:00+00:00,AMRN,6940,Bad,71.0
2017-05-03 00:00:00+00:00,AMRN,6968,Bad,72.0
2017-05-18 00:00:00+00:00,AMRN,6979,Neutral,66.0
2017-06-27 00:00:00+00:00,AMRN,7006,Good,245.0
2017-10-27 00:00:00+00:00,AMRN,7091,Neutral,40.0
2017-11-01 00:00:00+00:00,AMRN,7094,Good,106.0
2018-01-05 00:00:00+00:00,AMRN,7137,Good,161.0
2018-01-23 00:00:00+00:00,AMRN,7148,Good,163.0
2018-01-30 00:00:00+00:00,AMRN,7153,Bad,301.0
2018-02-09 00:00:00+00:00,AMRN,7161,Bad,45.0
2018-04-20 00:00:00+00:00,AMRN,7210,Neutral,78.0
2018-09-12 00:00:00+00:00,AMRN,7310,Good,175.0
2018-09-24 00:00:00+00:00,AMRN,7318,Good,1752.0
2018-11-13 00:00:00+00:00,AMRN,7352,Good,5253.0
2019-01-07 00:00:00+00:00,AMRN,7388,Neutral,929.0
2019-03-28 00:00:00+00:00,AMRN,7444,Good,1574.0
2019-07-18 00:00:00+00:00,AMRN,7522,Bad,958.0
2019-08-09 00:00:00+00:00,AMRN,7538,Bad,1488.0
2019-11-12 00:00:00+00:00,AMRN,7602,Neutral,1686.0
2019-12-16 00:00:00+00:00,AMRN,7625,Neutral,7080.0
2020-01-13 00:00:00+00:00,AMRN,7643,Neutral,1109.0
2020-02-26 00:00:00+00:00,AMRN,7673,Neutral,1151.0
2011-03-24 00:00:00+00:00,AMZN,7998,Good,48.0
2011-04-27 00:00:00+00:00,AMZN,8022,Good,291.0
2011-09-28 00:00:00+00:00,AMZN,8129,Good,355.0
2011-10-26 00:00:00+00:00,AMZN,8148,Neutral,565.0
2011-12-12 00:00:00+00:00,AMZN,8179,Good,55.0
2011-12-29 00:00:00+00:00,AMZN,8191,Good,129.0
2012-02-01 00:00:00+00:00,AMZN,8213,Good,644.0
2012-03-21 00:00:00+00:00,AMZN,8247,Good,243.0
2012-04-27 00:00:00+00:00,AMZN,8274,Good,846.0
2012-07-27 00:00:00+00:00,AMZN,8337,Bad,686.0
2012-10-26 00:00:00+00:00,AMZN,8400,Neutral,868.0
2013-01-30 00:00:00+00:00,AMZN,8463,Good,1253.0
2013-04-26 00:00:00+00:00,AMZN,8524,Neutral,650.0
2013-07-26 00:00:00+00:00,AMZN,8587,Bad,673.0
2013-10-25 00:00:00+00:00,AMZN,8650,Good,1181.0
2013-12-02 00:00:00+00:00,AMZN,8674,Good,569.0
2014-01-31 00:00:00+00:00,AMZN,8715,Neutral,1588.0
2014-03-13 00:00:00+00:00,AMZN,8743,Good,216.0
2014-04-25 00:00:00+00:00,AMZN,8774,Bad,935.0
2014-06-05 00:00:00+00:00,AMZN,8802,Neutral,204.0
2014-07-11 00:00:00+00:00,AMZN,8827,Good,339.0
2014-07-25 00:00:00+00:00,AMZN,8837,Bad,1412.0
2014-08-26 00:00:00+00:00,AMZN,8859,Good,297.0
2014-10-24 00:00:00+00:00,AMZN,8900,Bad,2383.0
2014-12-29 00:00:00+00:00,AMZN,8943,Good,214.0
2015-01-30 00:00:00+00:00,AMZN,8965,Neutral,1539.0
2015-04-24 00:00:00+00:00,AMZN,9024,Good,1861.0
2015-07-24 00:00:00+00:00,AMZN,9087,Good,3426.0
2015-10-23 00:00:00+00:00,AMZN,9150,Good,1349.0
2015-11-12 00:00:00+00:00,AMZN,9163,Neutral,702.0
2016-01-29 00:00:00+00:00,AMZN,9215,Neutral,3669.0
2016-04-29 00:00:00+00:00,AMZN,9279,Good,1712.0
2016-07-29 00:00:00+00:00,AMZN,9342,Good,1932.0
2016-09-22 00:00:00+00:00,AMZN,9380,Good,461.0
2016-10-28 00:00:00+00:00,AMZN,9405,Bad,2550.0
2017-02-03 00:00:00+00:00,AMZN,9470,Bad,2821.0
2017-04-28 00:00:00+00:00,AMZN,9529,Neutral,2382.0
2017-06-12 00:00:00+00:00,AMZN,9559,Bad,2250.0
2017-07-28 00:00:00+00:00,AMZN,9592,Bad,5048.0
2017-10-27 00:00:00+00:00,AMZN,9655,Good,3381.0
2018-04-27 00:00:00+00:00,AMZN,9779,Good,5427.0
2018-07-27 00:00:00+00:00,AMZN,9842,Neutral,6572.0
2018-10-26 00:00:00+00:00,AMZN,9905,Bad,6979.0
2019-02-01 00:00:00+00:00,AMZN,9970,Bad,7169.0
2019-04-26 00:00:00+00:00,AMZN,10029,Good,3716.0
2019-07-26 00:00:00+00:00,AMZN,10092,Bad,2141.0
2019-10-25 00:00:00+00:00,AMZN,10155,Bad,5041.0
2019-12-27 00:00:00+00:00,AMZN,10197,Good,2261.0
2020-01-31 00:00:00+00:00,AMZN,10220,Good,5775.0
2015-07-07 00:00:00+00:00,BABA,11638,Bad,469.0
2015-08-12 00:00:00+00:00,BABA,11664,Bad,1564.0
2015-09-09 00:00:00+00:00,BABA,11683,Bad,768.0
2015-09-14 00:00:00+00:00,BABA,11686,Bad,578.0
2015-09-21 00:00:00+00:00,BABA,11691,Bad,370.0
2015-10-27 00:00:00+00:00,BABA,11716,Neutral,1559.0
2015-11-09 00:00:00+00:00,BABA,11725,Bad,1259.0
2015-11-12 00:00:00+00:00,BABA,11727,Good,1965.0
2015-11-23 00:00:00+00:00,BABA,11734,Neutral,470.0
2015-12-23 00:00:00+00:00,BABA,11755,Good,373.0
2016-01-28 00:00:00+00:00,BABA,11778,Good,551.0
2016-03-21 00:00:00+00:00,BABA,11814,Good,161.0
2016-05-05 00:00:00+00:00,BABA,11847,Good,642.0
2016-05-25 00:00:00+00:00,BABA,11861,Bad,439.0
2016-08-11 00:00:00+00:00,BABA,11915,Good,1078.0
2016-10-11 00:00:00+00:00,BABA,11956,Good,381.0
2017-01-10 00:00:00+00:00,BABA,12017,Good,578.0
2017-01-24 00:00:00+00:00,BABA,12026,Good,1163.0
2017-04-10 00:00:00+00:00,BABA,12079,Good,284.0
2017-05-18 00:00:00+00:00,BABA,12107,Good,1494.0
2017-06-08 00:00:00+00:00,BABA,12121,Good,1111.0
2017-08-17 00:00:00+00:00,BABA,12170,Good,2179.0
2017-11-13 00:00:00+00:00,BABA,12229,Good,2519.0
2018-02-01 00:00:00+00:00,BABA,12283,Neutral,2461.0
2018-03-15 00:00:00+00:00,BABA,12312,Good,1050.0
2018-05-04 00:00:00+00:00,BABA,12348,Neutral,3626.0
2018-08-23 00:00:00+00:00,BABA,12425,Bad,4258.0
2018-11-02 00:00:00+00:00,BABA,12474,Neutral,1815.0
2018-11-13 00:00:00+00:00,BABA,12480,Neutral,1979.0
2018-12-03 00:00:00+00:00,BABA,12493,Neutral,1150.0
2019-01-30 00:00:00+00:00,BABA,12532,Good,716.0
2019-02-25 00:00:00+00:00,BABA,12549,Good,618.0
2019-05-06 00:00:00+00:00,BABA,12599,Bad,840.0
2019-05-15 00:00:00+00:00,BABA,12606,Neutral,1508.0
2019-07-01 00:00:00+00:00,BABA,12638,Good,602.0
2019-08-02 00:00:00+00:00,BABA,12661,Bad,466.0
2019-08-15 00:00:00+00:00,BABA,12670,Good,958.0
2019-09-30 00:00:00+00:00,BABA,12701,Bad,1261.0
2019-11-01 00:00:00+00:00,BABA,12724,Neutral,1277.0
2020-02-13 00:00:00+00:00,BABA,12793,Good,2054.0
2012-03-08 00:00:00+00:00,BAC,13366,Good,42.0
2012-03-14 00:00:00+00:00,BAC,13370,Good,164.0
2012-04-19 00:00:00+00:00,BAC,13396,Good,156.0
2012-05-11 00:00:00+00:00,BAC,13412,Neutral,117.0
2012-05-22 00:00:00+00:00,BAC,13419,Neutral,118.0
2012-07-18 00:00:00+00:00,BAC,13458,Good,123.0
2012-08-17 00:00:00+00:00,BAC,13480,Good,53.0
2012-09-12 00:00:00+00:00,BAC,13497,Good,163.0
2012-09-14 00:00:00+00:00,BAC,13499,Good,321.0
2012-10-16 00:00:00+00:00,BAC,13520,Good,127.0
2012-10-25 00:00:00+00:00,BAC,13527,Good,137.0
2012-11-02 00:00:00+00:00,BAC,13533,Good,161.0
2012-12-05 00:00:00+00:00,BAC,13554,Good,175.0
2012-12-27 00:00:00+00:00,BAC,13569,Good,227.0
2013-01-17 00:00:00+00:00,BAC,13583,Good,280.0
2013-02-04 00:00:00+00:00,BAC,13594,Good,170.0
2013-02-13 00:00:00+00:00,BAC,13601,Good,270.0
2013-03-15 00:00:00+00:00,BAC,13622,Good,425.0
2013-04-17 00:00:00+00:00,BAC,13645,Good,328.0
2013-05-07 00:00:00+00:00,BAC,13659,Good,327.0
2013-06-20 00:00:00+00:00,BAC,13690,Bad,125.0
2013-08-07 00:00:00+00:00,BAC,13723,Bad,190.0
2013-12-19 00:00:00+00:00,BAC,13815,Good,198.0
2014-01-02 00:00:00+00:00,BAC,13823,Good,128.0
2014-01-03 00:00:00+00:00,BAC,13824,Good,341.0
2014-03-05 00:00:00+00:00,BAC,13865,Good,230.0
2014-03-20 00:00:00+00:00,BAC,13876,Good,164.0
2014-03-27 00:00:00+00:00,BAC,13881,Good,388.0
2014-04-16 00:00:00+00:00,BAC,13895,Bad,338.0
2014-04-25 00:00:00+00:00,BAC,13902,Bad,131.0
2014-07-16 00:00:00+00:00,BAC,13958,Neutral,226.0
2014-08-06 00:00:00+00:00,BAC,13973,Neutral,98.0
2014-08-21 00:00:00+00:00,BAC,13984,Good,200.0
2014-09-11 00:00:00+00:00,BAC,13998,Good,71.0
2015-02-27 00:00:00+00:00,BAC,14112,Bad,190.0
2015-03-06 00:00:00+00:00,BAC,14117,Good,274.0
2015-03-12 00:00:00+00:00,BAC,14121,Good,426.0
2015-03-19 00:00:00+00:00,BAC,14126,Bad,180.0
2015-04-29 00:00:00+00:00,BAC,14155,Good,75.0
2015-07-15 00:00:00+00:00,BAC,14208,Good,225.0
2015-07-23 00:00:00+00:00,BAC,14214,Good,188.0
2015-09-18 00:00:00+00:00,BAC,14254,Bad,109.0
2015-10-02 00:00:00+00:00,BAC,14264,Bad,152.0
2015-10-13 00:00:00+00:00,BAC,14270,Good,148.0
2015-10-22 00:00:00+00:00,BAC,14277,Bad,36.0
2015-10-29 00:00:00+00:00,BAC,14282,Good,181.0
2016-03-17 00:00:00+00:00,BAC,14376,Bad,139.0
2016-04-14 00:00:00+00:00,BAC,14396,Neutral,328.0
2016-06-03 00:00:00+00:00,BAC,14431,Neutral,119.0
2016-06-24 00:00:00+00:00,BAC,14446,Neutral,430.0
2016-07-18 00:00:00+00:00,BAC,14461,Good,342.0
2016-10-17 00:00:00+00:00,BAC,14524,Good,384.0
2016-11-09 00:00:00+00:00,BAC,14541,Bad,177.0
2017-01-13 00:00:00+00:00,BAC,14584,Neutral,872.0
2017-04-18 00:00:00+00:00,BAC,14649,Good,662.0
2017-05-17 00:00:00+00:00,BAC,14670,Bad,224.0
2017-06-29 00:00:00+00:00,BAC,14700,Good,698.0
2017-10-13 00:00:00+00:00,BAC,14773,Bad,405.0
2017-11-08 00:00:00+00:00,BAC,14791,Bad,152.0
2017-11-29 00:00:00+00:00,BAC,14804,Good,382.0
2018-03-22 00:00:00+00:00,BAC,14881,Good,193.0
2018-05-23 00:00:00+00:00,BAC,14925,Bad,297.0
2018-09-27 00:00:00+00:00,BAC,15013,Bad,276.0
2018-10-15 00:00:00+00:00,BAC,15024,Neutral,541.0
2018-10-23 00:00:00+00:00,BAC,15030,Bad,320.0
2018-12-05 00:00:00+00:00,BAC,15059,Bad,243.0
2019-01-14 00:00:00+00:00,BAC,15085,Neutral,224.0
2019-01-16 00:00:00+00:00,BAC,15087,Good,589.0
2019-04-16 00:00:00+00:00,BAC,15149,Bad,858.0
2019-06-28 00:00:00+00:00,BAC,15201,Good,210.0
2019-07-17 00:00:00+00:00,BAC,15213,Neutral,347.0
2019-10-16 00:00:00+00:00,BAC,15276,Good,455.0
2020-01-15 00:00:00+00:00,BAC,15337,Neutral,358.0
2020-02-18 00:00:00+00:00,BAC,15359,Good,173.0
2011-08-12 00:00:00+00:00,BB,15789,Good,51.0
2011-09-16 00:00:00+00:00,BB,15813,Good,520.0
2011-11-10 00:00:00+00:00,BB,15851,Bad,32.0
2011-11-16 00:00:00+00:00,BB,15854,Good,64.0
2011-11-30 00:00:00+00:00,BB,15863,Good,70.0
2011-12-16 00:00:00+00:00,BB,15875,Good,639.0
2012-01-13 00:00:00+00:00,BB,15893,Good,89.0
2012-01-18 00:00:00+00:00,BB,15895,Good,266.0
2012-01-23 00:00:00+00:00,BB,15898,Good,303.0
2012-02-03 00:00:00+00:00,BB,15907,Good,84.0
2012-03-26 00:00:00+00:00,BB,15942,Good,56.0
2012-03-30 00:00:00+00:00,BB,15946,Good,808.0
2012-05-30 00:00:00+00:00,BB,15988,Neutral,287.0
2012-06-25 00:00:00+00:00,BB,16006,Bad,110.0
2012-06-29 00:00:00+00:00,BB,16010,Bad,566.0
2012-07-16 00:00:00+00:00,BB,16020,Bad,45.0
2012-08-08 00:00:00+00:00,BB,16037,Good,75.0
2012-08-27 00:00:00+00:00,BB,16050,Good,68.0
2012-09-26 00:00:00+00:00,BB,16071,Good,115.0
2012-09-28 00:00:00+00:00,BB,16073,Neutral,749.0
2012-10-17 00:00:00+00:00,BB,16085,Bad,31.0
2012-11-01 00:00:00+00:00,BB,16096,Good,61.0
2012-11-13 00:00:00+00:00,BB,16103,Good,194.0
2012-11-23 00:00:00+00:00,BB,16110,Good,394.0
2012-12-21 00:00:00+00:00,BB,16130,Good,1343.0
2013-01-14 00:00:00+00:00,BB,16144,Good,1199.0
2013-09-05 00:00:00+00:00,BB,16307,Good,2087.0
2013-09-23 00:00:00+00:00,BB,16319,Bad,5724.0
2013-12-20 00:00:00+00:00,BB,16380,Bad,1621.0
2014-01-21 00:00:00+00:00,BB,16399,Neutral,2331.0
2014-03-28 00:00:00+00:00,BB,16446,Neutral,1913.0
2014-06-13 00:00:00+00:00,BB,16500,Good,513.0
2014-07-16 00:00:00+00:00,BB,16522,Neutral,1494.0
2014-11-14 00:00:00+00:00,BB,16606,Good,2504.0
2015-01-15 00:00:00+00:00,BB,16647,Bad,4207.0
2015-03-27 00:00:00+00:00,BB,16696,Neutral,2064.0
2015-05-22 00:00:00+00:00,BB,16736,Neutral,585.0
2015-12-18 00:00:00+00:00,BB,16880,Neutral,1339.0
2016-06-13 00:00:00+00:00,BB,17001,Bad,333.0
2016-06-22 00:00:00+00:00,BB,17008,Neutral,356.0
2016-07-05 00:00:00+00:00,BB,17016,Neutral,301.0
2016-08-29 00:00:00+00:00,BB,17055,Neutral,788.0
2016-09-28 00:00:00+00:00,BB,17076,Neutral,906.0
2017-03-31 00:00:00+00:00,BB,17201,Bad,1996.0
2017-04-12 00:00:00+00:00,BB,17209,Good,1390.0
2017-06-23 00:00:00+00:00,BB,17260,Bad,2541.0
2017-09-21 00:00:00+00:00,BB,17322,Neutral,1068.0
2017-09-28 00:00:00+00:00,BB,17327,Neutral,1869.0
2018-02-26 00:00:00+00:00,BB,17427,Neutral,1046.0
2018-06-22 00:00:00+00:00,BB,17510,Bad,1608.0
2018-09-28 00:00:00+00:00,BB,17578,Good,2312.0
2018-11-13 00:00:00+00:00,BB,17608,Good,915.0
2018-12-20 00:00:00+00:00,BB,17634,Good,1377.0
2019-03-07 00:00:00+00:00,BB,17685,Good,809.0
2019-03-29 00:00:00+00:00,BB,17701,Good,1454.0
2019-06-26 00:00:00+00:00,BB,17763,Bad,1628.0
2019-12-20 00:00:00+00:00,BB,17885,Good,934.0
2013-01-07 00:00:00+00:00,FB,18703,Good,314.0
2013-01-31 00:00:00+00:00,FB,18720,Good,1060.0
2013-07-25 00:00:00+00:00,FB,18842,Good,1886.0
2013-10-31 00:00:00+00:00,FB,18910,Good,8158.0
2014-01-30 00:00:00+00:00,FB,18970,Good,4104.0
2014-02-20 00:00:00+00:00,FB,18984,Neutral,2489.0
2014-04-04 00:00:00+00:00,FB,19015,Bad,1341.0
2014-04-24 00:00:00+00:00,FB,19029,Neutral,3970.0
2014-07-24 00:00:00+00:00,FB,19092,Neutral,3346.0
2014-08-27 00:00:00+00:00,FB,19116,Bad,671.0
2014-10-29 00:00:00+00:00,FB,19159,Bad,4144.0
2015-01-29 00:00:00+00:00,FB,19220,Neutral,2542.0
2015-04-23 00:00:00+00:00,FB,19279,Bad,2780.0
2015-07-17 00:00:00+00:00,FB,19338,Good,808.0
2015-07-30 00:00:00+00:00,FB,19347,Neutral,4248.0
2015-10-23 00:00:00+00:00,FB,19406,Neutral,838.0
2015-11-05 00:00:00+00:00,FB,19415,Neutral,2513.0
2016-01-28 00:00:00+00:00,FB,19470,Neutral,2891.0
2016-04-28 00:00:00+00:00,FB,19534,Good,3661.0
2016-06-13 00:00:00+00:00,FB,19565,Bad,577.0
2016-07-28 00:00:00+00:00,FB,19597,Neutral,3872.0
2016-09-23 00:00:00+00:00,FB,19637,Bad,898.0
2016-11-03 00:00:00+00:00,FB,19665,Bad,5171.0
2017-02-02 00:00:00+00:00,FB,19725,Neutral,3537.0
2017-05-04 00:00:00+00:00,FB,19789,Bad,3243.0
2017-07-27 00:00:00+00:00,FB,19847,Good,5353.0
2017-09-25 00:00:00+00:00,FB,19888,Bad,846.0
2017-11-02 00:00:00+00:00,FB,19915,Good,4184.0
2018-01-12 00:00:00+00:00,FB,19962,Bad,1329.0
2018-02-01 00:00:00+00:00,FB,19975,Neutral,4486.0
2018-03-19 00:00:00+00:00,FB,20006,Bad,1574.0
2018-03-20 00:00:00+00:00,FB,20007,Bad,4581.0
2018-04-11 00:00:00+00:00,FB,20023,Bad,5791.0
2018-04-26 00:00:00+00:00,FB,20034,Bad,4309.0
2018-07-26 00:00:00+00:00,FB,20097,Bad,14275.0
2018-10-31 00:00:00+00:00,FB,20164,Bad,7749.0
2018-12-20 00:00:00+00:00,FB,20198,Bad,2384.0
2019-01-31 00:00:00+00:00,FB,20225,Good,3068.0
2019-03-14 00:00:00+00:00,FB,20254,Bad,823.0
2019-04-25 00:00:00+00:00,FB,20284,Good,3536.0
2019-06-04 00:00:00+00:00,FB,20311,Bad,1346.0
2019-10-31 00:00:00+00:00,FB,20415,Good,2552.0
2019-12-13 00:00:00+00:00,FB,20444,Bad,873.0
2020-01-30 00:00:00+00:00,FB,20475,Bad,2600.0
2011-02-04 00:00:00+00:00,GLD,20785,Good,59.0
2011-03-18 00:00:00+00:00,GLD,20814,Good,27.0
2011-03-23 00:00:00+00:00,GLD,20817,Neutral,20.0
2011-04-15 00:00:00+00:00,GLD,20834,Good,38.0
2011-04-28 00:00:00+00:00,GLD,20843,Neutral,64.0
2011-05-02 00:00:00+00:00,GLD,20845,Good,115.0
2011-08-03 00:00:00+00:00,GLD,20910,Good,154.0
2011-09-22 00:00:00+00:00,GLD,20945,Bad,152.0
2011-09-26 00:00:00+00:00,GLD,20947,Good,419.0
2011-10-17 00:00:00+00:00,GLD,20961,Neutral,62.0
2011-12-29 00:00:00+00:00,GLD,21011,Neutral,134.0
2012-01-23 00:00:00+00:00,GLD,21026,Good,68.0
2012-01-26 00:00:00+00:00,GLD,21029,Good,100.0
2012-02-03 00:00:00+00:00,GLD,21035,Bad,67.0
2012-02-10 00:00:00+00:00,GLD,21040,Good,102.0
2012-02-23 00:00:00+00:00,GLD,21048,Good,121.0
2012-03-01 00:00:00+00:00,GLD,21053,Neutral,291.0
2012-04-04 00:00:00+00:00,GLD,21077,Neutral,90.0
2012-04-26 00:00:00+00:00,GLD,21093,Good,102.0
2012-05-23 00:00:00+00:00,GLD,21112,Bad,106.0
2012-06-04 00:00:00+00:00,GLD,21119,Good,233.0
2012-08-10 00:00:00+00:00,GLD,21167,Good,56.0
2012-08-14 00:00:00+00:00,GLD,21169,Neutral,74.0
2012-08-23 00:00:00+00:00,GLD,21176,Good,175.0
2012-08-31 00:00:00+00:00,GLD,21182,Good,97.0
2012-09-14 00:00:00+00:00,GLD,21191,Good,204.0
2012-10-15 00:00:00+00:00,GLD,21211,Neutral,92.0
2012-11-07 00:00:00+00:00,GLD,21228,Good,123.0
2012-12-13 00:00:00+00:00,GLD,21252,Bad,138.0
2012-12-19 00:00:00+00:00,GLD,21256,Bad,167.0
2013-01-04 00:00:00+00:00,GLD,21266,Bad,144.0
2013-02-15 00:00:00+00:00,GLD,21295,Bad,149.0
2013-02-21 00:00:00+00:00,GLD,21298,Bad,265.0
2013-03-18 00:00:00+00:00,GLD,21315,Good,218.0
2013-04-15 00:00:00+00:00,GLD,21335,Bad,1236.0
2013-06-20 00:00:00+00:00,GLD,21382,Bad,469.0
2013-06-26 00:00:00+00:00,GLD,21386,Bad,334.0
2013-11-25 00:00:00+00:00,GLD,21490,Neutral,396.0
2013-12-19 00:00:00+00:00,GLD,21507,Bad,542.0
2013-12-31 00:00:00+00:00,GLD,21514,Bad,308.0
2014-01-21 00:00:00+00:00,GLD,21527,Good,307.0
2014-02-03 00:00:00+00:00,GLD,21536,Good,182.0
2014-03-03 00:00:00+00:00,GLD,21555,Neutral,264.0
2014-03-07 00:00:00+00:00,GLD,21559,Good,202.0
2014-03-24 00:00:00+00:00,GLD,21570,Neutral,253.0
2014-04-21 00:00:00+00:00,GLD,21590,Bad,169.0
2014-05-27 00:00:00+00:00,GLD,21615,Bad,290.0
2014-08-21 00:00:00+00:00,GLD,21676,Bad,287.0
2014-09-18 00:00:00+00:00,GLD,21695,Bad,267.0
2014-10-30 00:00:00+00:00,GLD,21724,Bad,288.0
2015-02-17 00:00:00+00:00,GLD,21796,Bad,270.0
2015-06-18 00:00:00+00:00,GLD,21882,Bad,190.0
2015-06-29 00:00:00+00:00,GLD,21889,Good,180.0
2015-07-20 00:00:00+00:00,GLD,21903,Bad,545.0
2015-08-20 00:00:00+00:00,GLD,21926,Good,291.0
2015-10-02 00:00:00+00:00,GLD,21956,Good,150.0
2015-12-03 00:00:00+00:00,GLD,21997,Bad,228.0
2015-12-17 00:00:00+00:00,GLD,22007,Good,220.0
2016-02-19 00:00:00+00:00,GLD,22049,Good,443.0
2016-03-17 00:00:00+00:00,GLD,22068,Good,345.0
2016-03-28 00:00:00+00:00,GLD,22075,Bad,224.0
2016-05-19 00:00:00+00:00,GLD,22113,Bad,372.0
2016-06-16 00:00:00+00:00,GLD,22132,Good,383.0
2016-06-24 00:00:00+00:00,GLD,22138,Good,505.0
2016-11-18 00:00:00+00:00,GLD,22239,Bad,272.0
2016-12-15 00:00:00+00:00,GLD,22257,Bad,503.0
2017-04-17 00:00:00+00:00,GLD,22340,Neutral,293.0
2017-09-21 00:00:00+00:00,GLD,22450,Bad,277.0
2018-04-02 00:00:00+00:00,GLD,22580,Good,130.0
2018-04-18 00:00:00+00:00,GLD,22592,Good,172.0
2018-08-13 00:00:00+00:00,GLD,22673,Bad,173.0
2018-10-11 00:00:00+00:00,GLD,22714,Good,226.0
2018-12-10 00:00:00+00:00,GLD,22754,Neutral,215.0
2019-01-28 00:00:00+00:00,GLD,22786,Good,232.0
2019-02-19 00:00:00+00:00,GLD,22801,Good,241.0
2019-03-04 00:00:00+00:00,GLD,22810,Bad,219.0
2019-03-21 00:00:00+00:00,GLD,22823,Neutral,162.0
2019-05-13 00:00:00+00:00,GLD,22860,Good,122.0
2019-06-14 00:00:00+00:00,GLD,22883,Good,163.0
2019-06-20 00:00:00+00:00,GLD,22887,Good,417.0
2019-08-01 00:00:00+00:00,GLD,22916,Bad,235.0
2019-08-26 00:00:00+00:00,GLD,22933,Good,443.0
2019-09-23 00:00:00+00:00,GLD,22952,Good,234.0
2020-01-06 00:00:00+00:00,GLD,23022,Good,413.0
2020-01-27 00:00:00+00:00,GLD,23036,Good,312.0
2020-02-03 00:00:00+00:00,GLD,23041,Good,299.0
2020-02-18 00:00:00+00:00,GLD,23051,Good,278.0
2020-03-06 00:00:00+00:00,GLD,23064,Good,429.0
2011-07-28 00:00:00+00:00,IWM,23470,Good,68.0
2011-08-17 00:00:00+00:00,IWM,23484,Good,32.0
2011-11-01 00:00:00+00:00,IWM,23536,Neutral,77.0
2012-02-13 00:00:00+00:00,IWM,23605,Bad,73.0
2012-03-01 00:00:00+00:00,IWM,23617,Bad,114.0
2012-03-05 00:00:00+00:00,IWM,23619,Bad,169.0
2012-03-09 00:00:00+00:00,IWM,23623,Good,84.0
2012-08-02 00:00:00+00:00,IWM,23725,Bad,127.0
2012-09-05 00:00:00+00:00,IWM,23748,Neutral,93.0
2012-09-14 00:00:00+00:00,IWM,23755,Bad,71.0
2012-10-01 00:00:00+00:00,IWM,23766,Good,54.0
2012-10-31 00:00:00+00:00,IWM,23787,Bad,24.0
2012-11-26 00:00:00+00:00,IWM,23803,Neutral,48.0
2012-12-13 00:00:00+00:00,IWM,23816,Bad,99.0
2013-01-16 00:00:00+00:00,IWM,23838,Bad,90.0
2013-02-19 00:00:00+00:00,IWM,23860,Bad,133.0
2013-04-16 00:00:00+00:00,IWM,23900,Bad,203.0
2013-06-03 00:00:00+00:00,IWM,23933,Bad,194.0
2013-07-08 00:00:00+00:00,IWM,23957,Neutral,167.0
2013-10-25 00:00:00+00:00,IWM,24034,Neutral,120.0
2013-12-11 00:00:00+00:00,IWM,24065,Bad,135.0
2013-12-12 00:00:00+00:00,IWM,24066,Bad,266.0
2014-01-02 00:00:00+00:00,IWM,24079,Neutral,120.0
2014-01-27 00:00:00+00:00,IWM,24095,Bad,249.0
2014-02-04 00:00:00+00:00,IWM,24101,Bad,221.0
2014-03-14 00:00:00+00:00,IWM,24128,Bad,316.0
2014-04-07 00:00:00+00:00,IWM,24144,Bad,280.0
2014-05-07 00:00:00+00:00,IWM,24166,Bad,380.0
2014-06-25 00:00:00+00:00,IWM,24200,Bad,286.0
2014-07-08 00:00:00+00:00,IWM,24208,Bad,250.0
2014-08-21 00:00:00+00:00,IWM,24240,Neutral,313.0
2014-09-05 00:00:00+00:00,IWM,24250,Bad,249.0
2014-09-22 00:00:00+00:00,IWM,24261,Bad,351.0
2014-10-01 00:00:00+00:00,IWM,24268,Bad,528.0
2014-12-01 00:00:00+00:00,IWM,24308,Neutral,264.0
2014-12-29 00:00:00+00:00,IWM,24327,Good,232.0
2015-01-02 00:00:00+00:00,IWM,24330,Neutral,183.0
2015-02-02 00:00:00+00:00,IWM,24350,Bad,306.0
2015-02-17 00:00:00+00:00,IWM,24360,Neutral,318.0
2015-04-27 00:00:00+00:00,IWM,24409,Bad,205.0
2015-06-15 00:00:00+00:00,IWM,24443,Good,172.0
2015-06-18 00:00:00+00:00,IWM,24446,Neutral,222.0
2015-07-06 00:00:00+00:00,IWM,24457,Good,289.0
2015-07-27 00:00:00+00:00,IWM,24472,Neutral,284.0
2015-11-09 00:00:00+00:00,IWM,24545,Good,231.0
2015-12-14 00:00:00+00:00,IWM,24568,Bad,300.0
2016-01-04 00:00:00+00:00,IWM,24581,Good,216.0
2016-02-01 00:00:00+00:00,IWM,24600,Good,262.0
2016-05-31 00:00:00+00:00,IWM,24684,Good,184.0
2016-06-09 00:00:00+00:00,IWM,24691,Neutral,142.0
2016-07-11 00:00:00+00:00,IWM,24712,Good,207.0
2016-09-12 00:00:00+00:00,IWM,24756,Bad,229.0
2016-10-27 00:00:00+00:00,IWM,24788,Bad,160.0
2016-11-07 00:00:00+00:00,IWM,24795,Good,184.0
2016-11-21 00:00:00+00:00,IWM,24804,Neutral,334.0
2017-04-03 00:00:00+00:00,IWM,24894,Neutral,248.0
2017-06-28 00:00:00+00:00,IWM,24955,Good,178.0
2017-09-28 00:00:00+00:00,IWM,25019,Good,660.0
2017-11-08 00:00:00+00:00,IWM,25047,Bad,274.0
2017-11-29 00:00:00+00:00,IWM,25060,Neutral,219.0
2017-12-04 00:00:00+00:00,IWM,25063,Good,478.0
2018-01-12 00:00:00+00:00,IWM,25090,Good,182.0
2018-02-05 00:00:00+00:00,IWM,25105,Bad,281.0
2018-07-11 00:00:00+00:00,IWM,25214,Bad,218.0
2018-07-30 00:00:00+00:00,IWM,25227,Bad,322.0
2018-09-17 00:00:00+00:00,IWM,25261,Neutral,166.0
2018-10-02 00:00:00+00:00,IWM,25272,Bad,325.0
2019-03-07 00:00:00+00:00,IWM,25377,Bad,305.0
2019-03-18 00:00:00+00:00,IWM,25384,Neutral,192.0
2019-03-25 00:00:00+00:00,IWM,25389,Bad,319.0
2019-05-06 00:00:00+00:00,IWM,25419,Good,239.0
2019-07-29 00:00:00+00:00,IWM,25477,Good,132.0
2019-08-28 00:00:00+00:00,IWM,25499,Bad,221.0
2019-11-25 00:00:00+00:00,IWM,25559,Good,188.0
2020-01-27 00:00:00+00:00,IWM,25600,Bad,211.0
2020-02-10 00:00:00+00:00,IWM,25610,Bad,165.0
2020-02-21 00:00:00+00:00,IWM,25618,Neutral,143.0
2015-01-29 00:00:00+00:00,JNUG,26912,Bad,487.0
2015-03-09 00:00:00+00:00,JNUG,26938,Bad,366.0
2015-03-19 00:00:00+00:00,JNUG,26946,Good,391.0
2015-05-26 00:00:00+00:00,JNUG,26993,Neutral,131.0
2015-06-04 00:00:00+00:00,JNUG,27000,Bad,79.0
2015-06-18 00:00:00+00:00,JNUG,27010,Neutral,188.0
2015-06-29 00:00:00+00:00,JNUG,27017,Neutral,118.0
2015-10-15 00:00:00+00:00,JNUG,27092,Good,201.0
2015-12-28 00:00:00+00:00,JNUG,27141,Neutral,58.0
2016-01-21 00:00:00+00:00,JNUG,27157,Good,59.0
2016-03-04 00:00:00+00:00,JNUG,27187,Good,111.0
2016-03-17 00:00:00+00:00,JNUG,27196,Good,131.0
2016-05-19 00:00:00+00:00,JNUG,27241,Bad,236.0
2016-06-16 00:00:00+00:00,JNUG,27260,Good,294.0
2016-06-24 00:00:00+00:00,JNUG,27266,Good,361.0
2016-08-24 00:00:00+00:00,JNUG,27308,Bad,457.0
2016-08-31 00:00:00+00:00,JNUG,27313,Neutral,1019.0
2016-11-09 00:00:00+00:00,JNUG,27361,Good,2402.0
2016-11-14 00:00:00+00:00,JNUG,27363,Bad,5296.0
2016-12-15 00:00:00+00:00,JNUG,27385,Bad,2269.0
2016-12-29 00:00:00+00:00,JNUG,27394,Good,1642.0
2016-12-30 00:00:00+00:00,JNUG,27395,Good,3933.0
2017-07-27 00:00:00+00:00,JNUG,27539,Neutral,987.0
2017-08-17 00:00:00+00:00,JNUG,27554,Neutral,669.0
2017-08-25 00:00:00+00:00,JNUG,27560,Neutral,434.0
2017-12-14 00:00:00+00:00,JNUG,27635,Good,770.0
2018-02-12 00:00:00+00:00,JNUG,27674,Neutral,1022.0
2018-03-22 00:00:00+00:00,JNUG,27701,Good,563.0
2018-06-14 00:00:00+00:00,JNUG,27760,Neutral,258.0
2018-09-27 00:00:00+00:00,JNUG,27833,Bad,354.0
2018-10-11 00:00:00+00:00,JNUG,27842,Good,370.0
2019-03-21 00:00:00+00:00,JNUG,27951,Good,355.0
2019-04-11 00:00:00+00:00,JNUG,27966,Neutral,242.0
2019-04-23 00:00:00+00:00,JNUG,27974,Bad,278.0
2019-05-02 00:00:00+00:00,JNUG,27981,Bad,483.0
2019-05-23 00:00:00+00:00,JNUG,27996,Bad,298.0
2019-06-20 00:00:00+00:00,JNUG,28015,Good,629.0
2019-08-01 00:00:00+00:00,JNUG,28044,Neutral,564.0
2019-08-13 00:00:00+00:00,JNUG,28052,Neutral,336.0
2019-12-06 00:00:00+00:00,JNUG,28131,Neutral,78.0
2019-12-12 00:00:00+00:00,JNUG,28135,Neutral,189.0
2020-02-28 00:00:00+00:00,JNUG,28187,Bad,471.0
2020-03-12 00:00:00+00:00,JNUG,28196,Bad,535.0
2020-03-13 00:00:00+00:00,JNUG,28197,Bad,1949.0
2014-06-30 00:00:00+00:00,MNKD,29331,Good,4028.0
2014-07-25 00:00:00+00:00,MNKD,29349,Neutral,1387.0
2014-08-06 00:00:00+00:00,MNKD,29357,Good,1272.0
2014-08-11 00:00:00+00:00,MNKD,29360,Good,3641.0
2015-01-23 00:00:00+00:00,MNKD,29472,Good,270.0
2015-05-08 00:00:00+00:00,MNKD,29546,Bad,1610.0
2016-01-06 00:00:00+00:00,MNKD,29711,Bad,2459.0
2016-01-14 00:00:00+00:00,MNKD,29717,Good,1328.0
2016-01-27 00:00:00+00:00,MNKD,29725,Good,1210.0
2016-02-04 00:00:00+00:00,MNKD,29731,Neutral,944.0
2016-03-14 00:00:00+00:00,MNKD,29757,Bad,594.0
2016-10-21 00:00:00+00:00,MNKD,29912,Neutral,1211.0
2016-11-10 00:00:00+00:00,MNKD,29926,Good,1464.0
2016-12-20 00:00:00+00:00,MNKD,29952,Good,2014.0
2017-01-13 00:00:00+00:00,MNKD,29968,Good,811.0
2017-03-17 00:00:00+00:00,MNKD,30011,Good,777.0
2017-05-08 00:00:00+00:00,MNKD,30047,Good,1148.0
2017-07-14 00:00:00+00:00,MNKD,30094,Good,532.0
2017-08-17 00:00:00+00:00,MNKD,30118,Good,465.0
2017-08-31 00:00:00+00:00,MNKD,30128,Good,1041.0
2017-09-29 00:00:00+00:00,MNKD,30148,Good,886.0
2017-11-02 00:00:00+00:00,MNKD,30171,Bad,1025.0
2017-11-08 00:00:00+00:00,MNKD,30175,Bad,1523.0
2018-01-25 00:00:00+00:00,MNKD,30226,Good,901.0
2018-04-06 00:00:00+00:00,MNKD,30276,Bad,647.0
2018-04-25 00:00:00+00:00,MNKD,30289,Good,645.0
2018-08-03 00:00:00+00:00,MNKD,30359,Bad,609.0
2018-09-04 00:00:00+00:00,MNKD,30380,Good,1069.0
2018-12-20 00:00:00+00:00,MNKD,30454,Bad,1101.0
2019-01-04 00:00:00+00:00,MNKD,30463,Good,658.0
2019-06-10 00:00:00+00:00,MNKD,30571,Neutral,619.0
2019-06-17 00:00:00+00:00,MNKD,30576,Neutral,604.0
2019-08-08 00:00:00+00:00,MNKD,30613,Neutral,715.0
2019-11-06 00:00:00+00:00,MNKD,30675,Neutral,378.0
2011-07-05 00:00:00+00:00,NFLX,31145,Good,219.0
2011-07-13 00:00:00+00:00,NFLX,31151,Good,306.0
2011-07-26 00:00:00+00:00,NFLX,31160,Good,472.0
2011-09-02 00:00:00+00:00,NFLX,31188,Good,230.0
2011-09-15 00:00:00+00:00,NFLX,31196,Bad,143.0
2011-10-11 00:00:00+00:00,NFLX,31213,Neutral,325.0
2011-10-25 00:00:00+00:00,NFLX,31223,Good,855.0
2011-12-01 00:00:00+00:00,NFLX,31248,Bad,178.0
2012-01-05 00:00:00+00:00,NFLX,31271,Good,303.0
2012-01-26 00:00:00+00:00,NFLX,31285,Good,544.0
2012-04-24 00:00:00+00:00,NFLX,31347,Bad,598.0
2012-05-23 00:00:00+00:00,NFLX,31368,Good,60.0
2012-07-25 00:00:00+00:00,NFLX,31411,Bad,464.0
2012-08-15 00:00:00+00:00,NFLX,31426,Good,109.0
2012-09-04 00:00:00+00:00,NFLX,31439,Neutral,109.0
2012-10-29 00:00:00+00:00,NFLX,31477,Good,451.0
2012-10-31 00:00:00+00:00,NFLX,31479,Bad,211.0
2012-12-12 00:00:00+00:00,NFLX,31507,Good,124.0
2013-01-03 00:00:00+00:00,NFLX,31521,Neutral,110.0
2013-01-24 00:00:00+00:00,NFLX,31535,Good,1210.0
2013-04-23 00:00:00+00:00,NFLX,31597,Good,1144.0
2013-05-06 00:00:00+00:00,NFLX,31606,Bad,144.0
2013-05-28 00:00:00+00:00,NFLX,31621,Bad,197.0
2013-07-23 00:00:00+00:00,NFLX,31660,Neutral,1259.0
2013-10-22 00:00:00+00:00,NFLX,31723,Neutral,2522.0
2013-12-30 00:00:00+00:00,NFLX,31769,Neutral,181.0
2014-01-23 00:00:00+00:00,NFLX,31785,Good,1351.0
2014-04-22 00:00:00+00:00,NFLX,31847,Good,1171.0
2014-07-01 00:00:00+00:00,NFLX,31896,Neutral,347.0
2014-07-22 00:00:00+00:00,NFLX,31910,Bad,903.0
2014-10-16 00:00:00+00:00,NFLX,31970,Neutral,2521.0
2015-01-21 00:00:00+00:00,NFLX,32034,Good,1435.0
2015-03-05 00:00:00+00:00,NFLX,32064,Bad,225.0
2015-04-16 00:00:00+00:00,NFLX,32094,Good,2013.0
2015-05-15 00:00:00+00:00,NFLX,32115,Good,585.0
2015-06-24 00:00:00+00:00,NFLX,32142,Good,1519.0
2015-07-16 00:00:00+00:00,NFLX,32157,Good,2898.0
2015-10-09 00:00:00+00:00,NFLX,32217,Good,1496.0
2015-10-15 00:00:00+00:00,NFLX,32220,Good,3584.0
2016-01-04 00:00:00+00:00,NFLX,32273,Neutral,634.0
2016-04-19 00:00:00+00:00,NFLX,32347,Good,3443.0
2016-07-01 00:00:00+00:00,NFLX,32399,Good,583.0
2016-07-19 00:00:00+00:00,NFLX,32410,Neutral,3283.0
2016-10-18 00:00:00+00:00,NFLX,32473,Good,2979.0
2017-01-19 00:00:00+00:00,NFLX,32535,Good,2477.0
2017-04-17 00:00:00+00:00,NFLX,32596,Good,505.0
2017-04-18 00:00:00+00:00,NFLX,32597,Good,2851.0
2017-06-12 00:00:00+00:00,NFLX,32635,Neutral,639.0
2017-07-18 00:00:00+00:00,NFLX,32660,Good,3713.0
2017-08-09 00:00:00+00:00,NFLX,32676,Bad,1236.0
2017-10-17 00:00:00+00:00,NFLX,32723,Good,3646.0
2018-06-13 00:00:00+00:00,NFLX,32887,Neutral,643.0
2018-07-17 00:00:00+00:00,NFLX,32910,Neutral,8867.0
2018-10-17 00:00:00+00:00,NFLX,32974,Neutral,4618.0
2019-01-18 00:00:00+00:00,NFLX,33037,Bad,5057.0
2019-07-18 00:00:00+00:00,NFLX,33162,Bad,4321.0
2019-10-17 00:00:00+00:00,NFLX,33225,Neutral,4311.0
2020-01-22 00:00:00+00:00,NFLX,33289,Neutral,2751.0
2014-06-18 00:00:00+00:00,PLUG,34451,Good,435.0
2014-06-19 00:00:00+00:00,PLUG,34452,Good,1573.0
2014-06-27 00:00:00+00:00,PLUG,34458,Good,706.0
2014-07-15 00:00:00+00:00,PLUG,34469,Neutral,819.0
2014-07-21 00:00:00+00:00,PLUG,34473,Good,1028.0
2014-08-14 00:00:00+00:00,PLUG,34491,Neutral,2611.0
2014-09-24 00:00:00+00:00,PLUG,34519,Good,1218.0
2014-12-04 00:00:00+00:00,PLUG,34567,Bad,413.0
2015-05-11 00:00:00+00:00,PLUG,34675,Neutral,890.0
2015-08-03 00:00:00+00:00,PLUG,34733,Good,448.0
2015-08-06 00:00:00+00:00,PLUG,34736,Good,869.0
2015-10-19 00:00:00+00:00,PLUG,34786,Good,339.0
2015-11-03 00:00:00+00:00,PLUG,34797,Good,459.0
2015-11-09 00:00:00+00:00,PLUG,34801,Neutral,770.0
2015-12-16 00:00:00+00:00,PLUG,34826,Good,348.0
2016-01-28 00:00:00+00:00,PLUG,34854,Neutral,315.0
2016-03-10 00:00:00+00:00,PLUG,34883,Good,601.0
2016-04-25 00:00:00+00:00,PLUG,34915,Good,212.0
2016-05-10 00:00:00+00:00,PLUG,34926,Bad,347.0
2016-06-20 00:00:00+00:00,PLUG,34954,Bad,84.0
2016-07-18 00:00:00+00:00,PLUG,34973,Bad,119.0
2016-08-01 00:00:00+00:00,PLUG,34983,Bad,159.0
2016-08-04 00:00:00+00:00,PLUG,34986,Neutral,380.0
2016-09-08 00:00:00+00:00,PLUG,35010,Bad,314.0
2016-11-07 00:00:00+00:00,PLUG,35051,Bad,415.0
2016-12-02 00:00:00+00:00,PLUG,35068,Good,137.0
2016-12-30 00:00:00+00:00,PLUG,35087,Bad,145.0
2017-01-17 00:00:00+00:00,PLUG,35097,Bad,123.0
2017-02-13 00:00:00+00:00,PLUG,35116,Good,1486.0
2017-02-17 00:00:00+00:00,PLUG,35120,Good,519.0
2017-03-09 00:00:00+00:00,PLUG,35133,Bad,289.0
2017-04-05 00:00:00+00:00,PLUG,35152,Good,1939.0
2017-06-08 00:00:00+00:00,PLUG,35197,Good,652.0
2017-06-19 00:00:00+00:00,PLUG,35204,Good,682.0
2017-07-21 00:00:00+00:00,PLUG,35227,Good,738.0
2017-08-08 00:00:00+00:00,PLUG,35239,Good,770.0
2018-03-22 00:00:00+00:00,PLUG,35393,Neutral,192.0
2018-05-09 00:00:00+00:00,PLUG,35427,Good,331.0
2018-07-30 00:00:00+00:00,PLUG,35483,Good,168.0
2018-08-09 00:00:00+00:00,PLUG,35491,Good,371.0
2018-08-23 00:00:00+00:00,PLUG,35501,Good,196.0
2018-09-26 00:00:00+00:00,PLUG,35524,Good,129.0
2018-10-16 00:00:00+00:00,PLUG,35537,Good,132.0
2018-11-08 00:00:00+00:00,PLUG,35554,Good,201.0
2018-12-10 00:00:00+00:00,PLUG,35574,Neutral,180.0
2018-12-27 00:00:00+00:00,PLUG,35586,Good,264.0
2019-01-07 00:00:00+00:00,PLUG,35592,Good,237.0
2019-02-15 00:00:00+00:00,PLUG,35620,Good,198.0
2019-03-07 00:00:00+00:00,PLUG,35633,Neutral,342.0
2019-05-08 00:00:00+00:00,PLUG,35677,Good,249.0
2019-05-28 00:00:00+00:00,PLUG,35690,Good,206.0
2019-06-25 00:00:00+00:00,PLUG,35710,Bad,199.0
2019-08-06 00:00:00+00:00,PLUG,35739,Good,265.0
2019-09-09 00:00:00+00:00,PLUG,35762,Good,158.0
2019-10-17 00:00:00+00:00,PLUG,35789,Good,203.0
2019-11-07 00:00:00+00:00,PLUG,35804,Neutral,367.0
2020-01-06 00:00:00+00:00,PLUG,35842,Good,316.0
2020-02-19 00:00:00+00:00,PLUG,35872,Good,732.0
2020-03-05 00:00:00+00:00,PLUG,35883,Neutral,701.0
2012-03-21 00:00:00+00:00,QQQ,36451,Neutral,69.0
2012-04-02 00:00:00+00:00,QQQ,36459,Good,81.0
2012-04-30 00:00:00+00:00,QQQ,36479,Good,79.0
2012-06-04 00:00:00+00:00,QQQ,36503,Good,110.0
2012-10-05 00:00:00+00:00,QQQ,36590,Good,72.0
2012-10-19 00:00:00+00:00,QQQ,36599,Bad,94.0
2012-10-31 00:00:00+00:00,QQQ,36607,Neutral,41.0
2012-11-08 00:00:00+00:00,QQQ,36613,Bad,103.0
2012-11-26 00:00:00+00:00,QQQ,36623,Good,70.0
2012-12-27 00:00:00+00:00,QQQ,36645,Neutral,54.0
2013-01-31 00:00:00+00:00,QQQ,36668,Bad,88.0
2013-03-04 00:00:00+00:00,QQQ,36689,Good,176.0
2013-03-18 00:00:00+00:00,QQQ,36699,Good,137.0
2013-04-15 00:00:00+00:00,QQQ,36719,Good,108.0
2013-04-29 00:00:00+00:00,QQQ,36729,Good,147.0
2013-05-06 00:00:00+00:00,QQQ,36734,Good,174.0
2013-05-13 00:00:00+00:00,QQQ,36739,Good,164.0
2013-05-22 00:00:00+00:00,QQQ,36746,Bad,108.0
2013-05-28 00:00:00+00:00,QQQ,36749,Good,151.0
2013-06-03 00:00:00+00:00,QQQ,36753,Good,176.0
2013-07-29 00:00:00+00:00,QQQ,36792,Good,115.0
2013-08-23 00:00:00+00:00,QQQ,36811,Neutral,256.0
2013-09-23 00:00:00+00:00,QQQ,36831,Bad,162.0
2013-09-30 00:00:00+00:00,QQQ,36836,Bad,165.0
2013-10-09 00:00:00+00:00,QQQ,36843,Bad,231.0
2014-01-02 00:00:00+00:00,QQQ,36899,Neutral,125.0
2014-01-21 00:00:00+00:00,QQQ,36911,Neutral,151.0
2014-01-27 00:00:00+00:00,QQQ,36915,Bad,277.0
2014-03-03 00:00:00+00:00,QQQ,36939,Bad,392.0
2014-03-14 00:00:00+00:00,QQQ,36948,Bad,291.0
2014-03-27 00:00:00+00:00,QQQ,36957,Bad,273.0
2014-04-04 00:00:00+00:00,QQQ,36963,Bad,260.0
2014-04-07 00:00:00+00:00,QQQ,36964,Bad,626.0
2014-04-10 00:00:00+00:00,QQQ,36967,Bad,320.0
2014-06-25 00:00:00+00:00,QQQ,37020,Bad,261.0
2014-12-29 00:00:00+00:00,QQQ,37147,Neutral,266.0
2015-02-09 00:00:00+00:00,QQQ,37175,Neutral,298.0
2015-03-19 00:00:00+00:00,QQQ,37202,Neutral,376.0
2015-06-15 00:00:00+00:00,QQQ,37263,Good,233.0
2015-07-06 00:00:00+00:00,QQQ,37277,Bad,303.0
2015-07-27 00:00:00+00:00,QQQ,37292,Bad,421.0
2015-08-20 00:00:00+00:00,QQQ,37310,Neutral,279.0
2015-12-14 00:00:00+00:00,QQQ,37388,Bad,459.0
2015-12-21 00:00:00+00:00,QQQ,37393,Bad,343.0
2016-01-04 00:00:00+00:00,QQQ,37401,Good,424.0
2016-02-08 00:00:00+00:00,QQQ,37425,Neutral,616.0
2016-04-22 00:00:00+00:00,QQQ,37478,Bad,323.0
2016-09-12 00:00:00+00:00,QQQ,37576,Bad,469.0
2016-09-22 00:00:00+00:00,QQQ,37584,Good,272.0
2016-11-28 00:00:00+00:00,QQQ,37628,Good,243.0
2016-12-27 00:00:00+00:00,QQQ,37648,Neutral,261.0
2017-01-03 00:00:00+00:00,QQQ,37652,Bad,419.0
2017-04-06 00:00:00+00:00,QQQ,37717,Bad,421.0
2017-05-08 00:00:00+00:00,QQQ,37739,Good,397.0
2017-05-25 00:00:00+00:00,QQQ,37752,Good,349.0
2017-06-12 00:00:00+00:00,QQQ,37763,Neutral,1392.0
2017-06-28 00:00:00+00:00,QQQ,37775,Bad,810.0
2017-07-28 00:00:00+00:00,QQQ,37796,Good,841.0
2017-11-29 00:00:00+00:00,QQQ,37880,Good,570.0
2018-09-27 00:00:00+00:00,QQQ,38089,Bad,469.0
2018-10-05 00:00:00+00:00,QQQ,38095,Bad,765.0
2018-10-11 00:00:00+00:00,QQQ,38098,Bad,1374.0
2018-11-13 00:00:00+00:00,QQQ,38120,Bad,1216.0
2018-11-20 00:00:00+00:00,QQQ,38125,Neutral,983.0
2018-12-05 00:00:00+00:00,QQQ,38135,Bad,740.0
2019-05-06 00:00:00+00:00,QQQ,38239,Bad,794.0
2019-06-26 00:00:00+00:00,QQQ,38275,Bad,395.0
2019-08-01 00:00:00+00:00,QQQ,38300,Bad,553.0
2019-08-26 00:00:00+00:00,QQQ,38317,Bad,1178.0
2019-09-23 00:00:00+00:00,QQQ,38336,Bad,490.0
2019-12-13 00:00:00+00:00,QQQ,38392,Good,605.0
2020-01-27 00:00:00+00:00,QQQ,38420,Bad,1123.0
2011-02-22 00:00:00+00:00,SPY,38744,Good,169.0
2011-05-12 00:00:00+00:00,SPY,38801,Neutral,193.0
2011-06-02 00:00:00+00:00,SPY,38815,Bad,390.0
2011-07-25 00:00:00+00:00,SPY,38851,Good,395.0
2011-08-03 00:00:00+00:00,SPY,38858,Bad,709.0
2011-11-09 00:00:00+00:00,SPY,38926,Neutral,856.0
2012-04-04 00:00:00+00:00,SPY,39025,Bad,391.0
2012-07-30 00:00:00+00:00,SPY,39106,Neutral,744.0
2012-09-14 00:00:00+00:00,SPY,39139,Bad,815.0
2012-09-26 00:00:00+00:00,SPY,39147,Bad,614.0
2012-10-19 00:00:00+00:00,SPY,39163,Bad,457.0
2012-11-07 00:00:00+00:00,SPY,39176,Good,599.0
2012-11-28 00:00:00+00:00,SPY,39189,Bad,499.0
2012-12-28 00:00:00+00:00,SPY,39210,Neutral,624.0
2013-02-19 00:00:00+00:00,SPY,39244,Neutral,643.0
2013-02-21 00:00:00+00:00,SPY,39246,Bad,758.0
2013-02-26 00:00:00+00:00,SPY,39249,Bad,880.0
2013-05-23 00:00:00+00:00,SPY,39311,Bad,2121.0
2013-06-03 00:00:00+00:00,SPY,39317,Bad,1745.0
2013-06-20 00:00:00+00:00,SPY,39330,Bad,1628.0
2013-08-15 00:00:00+00:00,SPY,39369,Bad,931.0
2013-08-22 00:00:00+00:00,SPY,39374,Bad,1307.0
2013-09-03 00:00:00+00:00,SPY,39381,Bad,2054.0
2013-09-19 00:00:00+00:00,SPY,39393,Neutral,1503.0
2013-11-08 00:00:00+00:00,SPY,39428,Bad,1264.0
2013-12-12 00:00:00+00:00,SPY,39450,Bad,1006.0
2013-12-19 00:00:00+00:00,SPY,39455,Good,1175.0
2014-01-02 00:00:00+00:00,SPY,39463,Good,686.0
2014-01-24 00:00:00+00:00,SPY,39478,Bad,956.0
2014-02-04 00:00:00+00:00,SPY,39485,Bad,1590.0
2014-03-03 00:00:00+00:00,SPY,39503,Bad,2321.0
2014-03-14 00:00:00+00:00,SPY,39512,Bad,1634.0
2014-03-20 00:00:00+00:00,SPY,39516,Neutral,1241.0
2014-06-19 00:00:00+00:00,SPY,39580,Neutral,1038.0
2014-06-25 00:00:00+00:00,SPY,39584,Neutral,1031.0
2014-07-18 00:00:00+00:00,SPY,39600,Bad,1119.0
2014-08-15 00:00:00+00:00,SPY,39620,Neutral,1001.0
2015-01-02 00:00:00+00:00,SPY,39714,Neutral,957.0
2015-02-02 00:00:00+00:00,SPY,39734,Bad,2180.0
2015-03-19 00:00:00+00:00,SPY,39766,Neutral,1987.0
2015-06-18 00:00:00+00:00,SPY,39830,Good,1445.0
2015-06-29 00:00:00+00:00,SPY,39837,Neutral,2785.0
2015-07-06 00:00:00+00:00,SPY,39841,Neutral,2391.0
2015-09-18 00:00:00+00:00,SPY,39894,Bad,3898.0
2015-12-03 00:00:00+00:00,SPY,39945,Neutral,2085.0
2016-03-17 00:00:00+00:00,SPY,40016,Neutral,2920.0
2016-05-31 00:00:00+00:00,SPY,40068,Neutral,3372.0
2016-06-24 00:00:00+00:00,SPY,40086,Good,10216.0
2016-09-12 00:00:00+00:00,SPY,40140,Bad,5700.0
2016-09-27 00:00:00+00:00,SPY,40151,Neutral,2755.0
2016-09-30 00:00:00+00:00,SPY,40154,Bad,2813.0
2016-10-31 00:00:00+00:00,SPY,40174,Bad,3584.0
2016-11-02 00:00:00+00:00,SPY,40176,Bad,3034.0
2016-11-07 00:00:00+00:00,SPY,40179,Neutral,4342.0
2016-11-09 00:00:00+00:00,SPY,40181,Good,9432.0
2016-12-08 00:00:00+00:00,SPY,40200,Neutral,2926.0
2017-01-12 00:00:00+00:00,SPY,40223,Bad,2480.0
2017-03-01 00:00:00+00:00,SPY,40255,Good,2455.0
2017-03-21 00:00:00+00:00,SPY,40269,Bad,2187.0
2017-04-06 00:00:00+00:00,SPY,40281,Bad,3094.0
2017-05-17 00:00:00+00:00,SPY,40310,Bad,3452.0
2017-06-15 00:00:00+00:00,SPY,40330,Bad,2784.0
2017-06-28 00:00:00+00:00,SPY,40339,Neutral,2395.0
2017-07-28 00:00:00+00:00,SPY,40360,Neutral,2216.0
2017-08-09 00:00:00+00:00,SPY,40368,Neutral,2761.0
2017-08-18 00:00:00+00:00,SPY,40375,Bad,4143.0
2017-11-29 00:00:00+00:00,SPY,40444,Neutral,2622.0
2017-12-04 00:00:00+00:00,SPY,40447,Good,5540.0
2017-12-13 00:00:00+00:00,SPY,40454,Good,2034.0
2018-01-02 00:00:00+00:00,SPY,40466,Bad,1780.0
2018-02-05 00:00:00+00:00,SPY,40489,Bad,5522.0
2018-03-07 00:00:00+00:00,SPY,40510,Bad,4991.0
2018-03-22 00:00:00+00:00,SPY,40521,Neutral,4217.0
2018-07-06 00:00:00+00:00,SPY,40595,Bad,5885.0
2018-07-11 00:00:00+00:00,SPY,40598,Bad,5995.0
2018-08-22 00:00:00+00:00,SPY,40628,Bad,3976.0
2018-09-17 00:00:00+00:00,SPY,40645,Bad,2894.0
2018-09-27 00:00:00+00:00,SPY,40653,Bad,2730.0
2018-10-11 00:00:00+00:00,SPY,40662,Neutral,7585.0
2018-12-03 00:00:00+00:00,SPY,40697,Neutral,7578.0
2018-12-05 00:00:00+00:00,SPY,40699,Good,4764.0
2019-05-06 00:00:00+00:00,SPY,40803,Neutral,9953.0
2019-05-10 00:00:00+00:00,SPY,40807,Neutral,9933.0
2019-06-20 00:00:00+00:00,SPY,40835,Neutral,7207.0
2019-07-01 00:00:00+00:00,SPY,40842,Good,7841.0
2019-08-01 00:00:00+00:00,SPY,40864,Neutral,6963.0
2019-08-26 00:00:00+00:00,SPY,40881,Bad,17891.0
2019-09-19 00:00:00+00:00,SPY,40898,Neutral,6032.0
2019-09-25 00:00:00+00:00,SPY,40902,Neutral,7421.0
2020-01-08 00:00:00+00:00,SPY,40972,Neutral,10891.0
2020-01-27 00:00:00+00:00,SPY,40984,Neutral,18219.0
2014-01-15 00:00:00+00:00,TSLA,42036,Good,2334.0
2014-02-20 00:00:00+00:00,TSLA,42060,Good,2945.0
2014-05-08 00:00:00+00:00,TSLA,42115,Neutral,1826.0
2014-06-17 00:00:00+00:00,TSLA,42142,Good,1175.0
2014-07-03 00:00:00+00:00,TSLA,42154,Bad,731.0
2014-08-01 00:00:00+00:00,TSLA,42174,Good,1508.0
2014-10-28 00:00:00+00:00,TSLA,42234,Bad,958.0
2014-11-06 00:00:00+00:00,TSLA,42241,Neutral,2096.0
2015-02-11 00:00:00+00:00,TSLA,42305,Bad,634.0
2015-02-12 00:00:00+00:00,TSLA,42306,Bad,2089.0
2015-04-06 00:00:00+00:00,TSLA,42342,Good,802.0
2015-05-01 00:00:00+00:00,TSLA,42361,Good,1846.0
2015-05-07 00:00:00+00:00,TSLA,42365,Good,2034.0
2015-08-06 00:00:00+00:00,TSLA,42428,Good,2369.0
2015-10-21 00:00:00+00:00,TSLA,42480,Bad,1508.0
2015-11-04 00:00:00+00:00,TSLA,42490,Bad,1935.0
2015-11-23 00:00:00+00:00,TSLA,42502,Bad,432.0
2015-12-30 00:00:00+00:00,TSLA,42527,Good,290.0
2016-02-11 00:00:00+00:00,TSLA,42556,Neutral,2568.0
2016-04-01 00:00:00+00:00,TSLA,42591,Good,2547.0
2016-05-05 00:00:00+00:00,TSLA,42615,Bad,2417.0
2016-06-22 00:00:00+00:00,TSLA,42648,Bad,2780.0
2016-07-21 00:00:00+00:00,TSLA,42668,Neutral,1323.0
2016-08-04 00:00:00+00:00,TSLA,42678,Bad,1812.0
2016-08-24 00:00:00+00:00,TSLA,42692,Good,1167.0
2016-10-27 00:00:00+00:00,TSLA,42736,Good,2498.0
2016-12-27 00:00:00+00:00,TSLA,42776,Good,539.0
2017-02-09 00:00:00+00:00,TSLA,42806,Good,1015.0
2017-02-23 00:00:00+00:00,TSLA,42815,Bad,3554.0
2017-05-04 00:00:00+00:00,TSLA,42865,Bad,4606.0
2017-08-03 00:00:00+00:00,TSLA,42928,Good,5834.0
2017-11-02 00:00:00+00:00,TSLA,42991,Bad,5616.0
2017-11-17 00:00:00+00:00,TSLA,43001,Good,4193.0
2018-01-04 00:00:00+00:00,TSLA,43032,Bad,1503.0
2018-02-08 00:00:00+00:00,TSLA,43056,Neutral,2429.0
2018-03-28 00:00:00+00:00,TSLA,43089,Bad,2978.0
2018-05-03 00:00:00+00:00,TSLA,43115,Neutral,6741.0
2018-07-02 00:00:00+00:00,TSLA,43156,Good,4149.0
2018-08-02 00:00:00+00:00,TSLA,43178,Good,7226.0
2018-08-08 00:00:00+00:00,TSLA,43182,Good,11307.0
2018-08-27 00:00:00+00:00,TSLA,43195,Bad,5102.0
2018-09-28 00:00:00+00:00,TSLA,43218,Bad,7817.0
2019-01-18 00:00:00+00:00,TSLA,43293,Bad,1526.0
2019-01-31 00:00:00+00:00,TSLA,43301,Good,3760.0
2019-03-01 00:00:00+00:00,TSLA,43321,Good,6213.0
2019-04-25 00:00:00+00:00,TSLA,43360,Bad,7096.0
2019-07-03 00:00:00+00:00,TSLA,43408,Good,3558.0
2019-07-25 00:00:00+00:00,TSLA,43423,Bad,5938.0
2019-09-27 00:00:00+00:00,TSLA,43468,Good,1547.0
2019-10-24 00:00:00+00:00,TSLA,43486,Neutral,6937.0
2019-11-22 00:00:00+00:00,TSLA,43506,Neutral,7308.0
2020-01-30 00:00:00+00:00,TSLA,43551,Good,11133.0
2014-08-25 00:00:00+00:00,TWTR,44754,Good,561.0
2014-10-28 00:00:00+00:00,TWTR,44798,Neutral,2706.0
2015-01-07 00:00:00+00:00,TWTR,44845,Good,754.0
2015-02-06 00:00:00+00:00,TWTR,44866,Good,2213.0
2015-04-27 00:00:00+00:00,TWTR,44921,Neutral,517.0
2015-04-29 00:00:00+00:00,TWTR,44923,Bad,4766.0
2015-05-20 00:00:00+00:00,TWTR,44938,Neutral,649.0
2015-06-12 00:00:00+00:00,TWTR,44954,Neutral,2110.0
2015-07-29 00:00:00+00:00,TWTR,44986,Bad,6173.0
2015-10-01 00:00:00+00:00,TWTR,45031,Neutral,1210.0
2015-10-28 00:00:00+00:00,TWTR,45049,Bad,3207.0
2016-02-11 00:00:00+00:00,TWTR,45120,Neutral,2639.0
2016-04-27 00:00:00+00:00,TWTR,45173,Bad,2785.0
2016-07-27 00:00:00+00:00,TWTR,45236,Bad,2193.0
2016-09-23 00:00:00+00:00,TWTR,45277,Neutral,3102.0
2016-10-17 00:00:00+00:00,TWTR,45292,Bad,3237.0
2016-10-24 00:00:00+00:00,TWTR,45297,Good,2782.0
2017-02-09 00:00:00+00:00,TWTR,45370,Bad,2558.0
2017-04-26 00:00:00+00:00,TWTR,45423,Neutral,1383.0
2017-07-27 00:00:00+00:00,TWTR,45487,Bad,1458.0
2017-10-26 00:00:00+00:00,TWTR,45550,Good,1072.0
2018-01-29 00:00:00+00:00,TWTR,45612,Good,1017.0
2018-02-08 00:00:00+00:00,TWTR,45620,Good,1900.0
2018-04-25 00:00:00+00:00,TWTR,45673,Good,1852.0
2018-07-09 00:00:00+00:00,TWTR,45724,Bad,996.0
2018-07-27 00:00:00+00:00,TWTR,45738,Bad,2451.0
2018-10-25 00:00:00+00:00,TWTR,45800,Neutral,912.0
2018-11-29 00:00:00+00:00,TWTR,45823,Bad,311.0
2019-02-07 00:00:00+00:00,TWTR,45870,Good,1636.0
2019-04-23 00:00:00+00:00,TWTR,45922,Good,1169.0
2019-05-22 00:00:00+00:00,TWTR,45943,Good,128.0
2019-06-13 00:00:00+00:00,TWTR,45958,Neutral,202.0
2019-06-28 00:00:00+00:00,TWTR,45969,Bad,288.0
2019-07-26 00:00:00+00:00,TWTR,45988,Good,985.0
2019-10-24 00:00:00+00:00,TWTR,46050,Bad,1178.0
2020-01-17 00:00:00+00:00,TWTR,46107,Bad,339.0
2020-02-06 00:00:00+00:00,TWTR,46120,Good,959.0
2020-03-02 00:00:00+00:00,TWTR,46136,Good,397.0
2013-02-12 00:00:00+00:00,UVXY,46932,Bad,186.0
2013-02-21 00:00:00+00:00,UVXY,46938,Neutral,474.0
2013-02-26 00:00:00+00:00,UVXY,46941,Neutral,607.0
2013-06-03 00:00:00+00:00,UVXY,47009,Neutral,228.0
2013-07-09 00:00:00+00:00,UVXY,47034,Bad,125.0
2013-07-11 00:00:00+00:00,UVXY,47036,Neutral,341.0
2013-08-15 00:00:00+00:00,UVXY,47061,Good,118.0
2013-08-27 00:00:00+00:00,UVXY,47069,Good,198.0
2013-10-30 00:00:00+00:00,UVXY,47113,Neutral,234.0
2013-11-05 00:00:00+00:00,UVXY,47117,Neutral,129.0
2013-12-11 00:00:00+00:00,UVXY,47141,Good,75.0
2013-12-18 00:00:00+00:00,UVXY,47146,Neutral,126.0
2013-12-27 00:00:00+00:00,UVXY,47152,Bad,45.0
2014-01-24 00:00:00+00:00,UVXY,47170,Good,149.0
2014-02-12 00:00:00+00:00,UVXY,47183,Bad,90.0
2014-02-20 00:00:00+00:00,UVXY,47188,Good,86.0
2014-03-14 00:00:00+00:00,UVXY,47204,Neutral,183.0
2014-03-27 00:00:00+00:00,UVXY,47213,Neutral,104.0
2014-05-15 00:00:00+00:00,UVXY,47248,Good,114.0
2014-05-27 00:00:00+00:00,UVXY,47255,Bad,85.0
2014-07-18 00:00:00+00:00,UVXY,47292,Good,154.0
2014-07-30 00:00:00+00:00,UVXY,47300,Good,46.0
2014-08-08 00:00:00+00:00,UVXY,47307,Bad,194.0
2014-09-05 00:00:00+00:00,UVXY,47326,Neutral,92.0
2014-09-15 00:00:00+00:00,UVXY,47332,Good,94.0
2014-11-14 00:00:00+00:00,UVXY,47374,Good,124.0
2014-12-09 00:00:00+00:00,UVXY,47390,Good,233.0
2014-12-11 00:00:00+00:00,UVXY,47392,Neutral,271.0
2014-12-29 00:00:00+00:00,UVXY,47403,Good,58.0
2015-01-02 00:00:00+00:00,UVXY,47406,Good,162.0
2015-02-25 00:00:00+00:00,UVXY,47442,Bad,190.0
2015-03-31 00:00:00+00:00,UVXY,47466,Good,310.0
2015-04-17 00:00:00+00:00,UVXY,47479,Neutral,189.0
2015-06-29 00:00:00+00:00,UVXY,47529,Neutral,266.0
2015-06-30 00:00:00+00:00,UVXY,47530,Neutral,676.0
2015-07-27 00:00:00+00:00,UVXY,47548,Bad,196.0
2015-08-21 00:00:00+00:00,UVXY,47567,Neutral,404.0
2015-09-18 00:00:00+00:00,UVXY,47586,Neutral,703.0
2015-12-03 00:00:00+00:00,UVXY,47637,Neutral,384.0
2016-03-17 00:00:00+00:00,UVXY,47708,Bad,503.0
2016-06-13 00:00:00+00:00,UVXY,47769,Good,1043.0
2016-06-23 00:00:00+00:00,UVXY,47777,Good,894.0
2016-06-24 00:00:00+00:00,UVXY,47778,Good,4385.0
2016-09-09 00:00:00+00:00,UVXY,47831,Neutral,517.0
2016-09-12 00:00:00+00:00,UVXY,47832,Neutral,1639.0
2016-09-30 00:00:00+00:00,UVXY,47846,Bad,912.0
2016-10-31 00:00:00+00:00,UVXY,47866,Neutral,865.0
2016-11-09 00:00:00+00:00,UVXY,47873,Good,2638.0
2017-01-12 00:00:00+00:00,UVXY,47915,Neutral,739.0
2017-04-06 00:00:00+00:00,UVXY,47973,Good,460.0
2017-04-24 00:00:00+00:00,UVXY,47985,Bad,750.0
2017-05-17 00:00:00+00:00,UVXY,48002,Good,697.0
2017-05-18 00:00:00+00:00,UVXY,48003,Good,1480.0
2017-06-15 00:00:00+00:00,UVXY,48022,Neutral,642.0
2017-06-30 00:00:00+00:00,UVXY,48033,Bad,1397.0
2017-07-28 00:00:00+00:00,UVXY,48052,Neutral,926.0
2017-08-09 00:00:00+00:00,UVXY,48060,Neutral,757.0
2017-08-18 00:00:00+00:00,UVXY,48067,Neutral,1807.0
2017-08-29 00:00:00+00:00,UVXY,48074,Good,1100.0
2018-03-07 00:00:00+00:00,UVXY,48202,Neutral,637.0
2018-07-30 00:00:00+00:00,UVXY,48303,Good,449.0
2018-08-22 00:00:00+00:00,UVXY,48320,Good,378.0
2018-10-05 00:00:00+00:00,UVXY,48351,Neutral,450.0
2018-12-05 00:00:00+00:00,UVXY,48391,Good,181.0
2019-05-02 00:00:00+00:00,UVXY,48493,Bad,145.0
2019-05-06 00:00:00+00:00,UVXY,48495,Neutral,238.0
2019-08-01 00:00:00+00:00,UVXY,48556,Bad,144.0
2019-09-25 00:00:00+00:00,UVXY,48594,Good,164.0
2019-11-12 00:00:00+00:00,UVXY,48626,Bad,179.0
2019-11-18 00:00:00+00:00,UVXY,48630,Good,154.0
2019-11-29 00:00:00+00:00,UVXY,48638,Good,161.0
2020-01-08 00:00:00+00:00,UVXY,48664,Good,200.0
2020-01-27 00:00:00+00:00,UVXY,48676,Good,346.0
2020-02-21 00:00:00+00:00,UVXY,48694,Good,211.0
